{"cameraMode":{"drawMode":0,"name":"Shaded","section":"Shading Mode"},"sceneLighting":false,"audioPlay":false,"sceneViewState":{"showFog":true,"showMaterialUpdate":false,"showSkybox":true,"showFlares":true,"showImageEffects":true,"showParticleSystems":true},"in2DMode":false,"pivot":{"x":423.48199462890627,"y":190.69082641601563,"z":-25.30706214904785},"rotation":{"x":0.049211662262678149,"y":-0.2606046199798584,"z":0.013302428647875786,"w":0.9640986919403076},"size":223.60679626464845,"orthographic":false}